{"count":1,"self":2734.5663999999997,"total":2752.2415401999997,"children":{"InitializeActuators":{"count":1,"self":0.0019253999999999999,"total":0.0019253999999999999,"children":null},"InitializeSensors":{"count":1,"self":0.0035535999999999996,"total":0.0035535999999999996,"children":null},"AgentSendState":{"count":137567,"self":1.5468064,"total":2.3221034,"children":{"CollectObservations":{"count":27514,"self":0.6666051,"total":0.6666051,"children":null},"WriteActionMask":{"count":27514,"self":0.052158499999999997,"total":0.052158499999999997,"children":null},"RequestDecision":{"count":27514,"self":0.0565334,"total":0.0565334,"children":null}}},"DecideAction":{"count":137567,"self":14.0272832,"total":14.292987499999999,"children":{"RayPerceptionSensor.Perceive":{"count":27514,"self":0.26570489999999997,"total":0.26570489999999997,"children":null}}},"AgentAct":{"count":137567,"self":1.0526167,"total":1.0526167,"children":null}},"gauges":{"Walker.CumulativeReward":{"count":13,"max":9708.506,"min":2569.33765,"runningAverage":5228.633,"value":5502.044,"weightedAverage":5058.4375}},"metadata":{"timer_format_version":"0.1.0","start_time_seconds":"1706408552","unity_version":"2023.2.6f1","command_line_arguments":"C:\\Users\\3nigma\\Unity\\NekoCatGame\\RagdollTrainer\\Builds\\fitness_windows_x64\\RagdollTrainer.exe","communication_protocol_version":"1.5.0","com.unity.ml-agents_version":"3.0.0-exp.1","scene_name":"_BaseWalkerScene","end_time_seconds":"1706411304"}}