{"count":1,"self":699.34760959999994,"total":136375.6754857,"children":{"InitializeActuators":{"count":60,"self":0.0009976,"total":0.0009976,"children":null},"InitializeSensors":{"count":60,"self":0.0065435,"total":0.0065435,"children":null},"AgentSendState":{"count":833418,"self":599.3956352,"total":1180.7127417,"children":{"CollectObservations":{"count":10001040,"self":12.4217848,"total":12.421784599999999,"children":null},"WriteActionMask":{"count":10001040,"self":7.758292,"total":7.758292,"children":null},"RequestDecision":{"count":10001040,"self":13.4427904,"total":561.1370177,"children":{"AgentInfo.ToProto":{"count":10001040,"self":18.9421456,"total":547.6942273,"children":{"GenerateSensorData":{"count":10001040,"self":492.67307519999997,"total":528.7520813,"children":{"RayPerceptionSensor.Perceive":{"count":10001040,"self":36.0790016,"total":36.079,"children":null}}}}}}}}},"DecideAction":{"count":833418,"self":134433.62979839998,"total":134433.6359278,"children":null},"AgentAct":{"count":833418,"self":48.5343904,"total":48.6743824,"children":{"AgentInfo.ToProto":{"count":2969,"self":0.0065229999999999993,"total":0.1399924,"children":{"GenerateSensorData":{"count":2969,"self":0.11618809999999999,"total":0.1334694,"children":{"RayPerceptionSensor.Perceive":{"count":2969,"self":0.0172813,"total":0.0172813,"children":null}}}}}}},"AgentInfo.ToProto":{"count":270662,"self":1.3908201999999998,"total":13.294281199999999,"children":{"GenerateSensorData":{"count":270662,"self":10.633616799999999,"total":11.903461,"children":{"RayPerceptionSensor.Perceive":{"count":270662,"self":1.2698444,"total":1.2698444,"children":null}}}}}},"gauges":{"Hallway.CumulativeReward":{"count":273631,"max":1.98159969,"min":-0.349201947,"runningAverage":0.8572503,"value":0.9420001,"weightedAverage":0.978987336}},"metadata":{"timer_format_version":"0.1.0","start_time_seconds":"1706606708","unity_version":"2023.2.7f1","command_line_arguments":"C:\\Users\\3nigma\\Unity\\NekoCatGame\\RagdollTrainer\\Builds\\server_windows_x64\\RagdollTrainer.exe --mlagents-port 5005 -logFile C:\\Users\\3nigma\\Unity\\NekoCatGame\\RagdollTrainer\\results\\Hallway.c.010m\\run_logs\\Player-0.log","communication_protocol_version":"1.5.0","com.unity.ml-agents_version":"3.0.0-exp.1","scene_name":"_BaseWalkerScene","end_time_seconds":"1706743084"}}