{"count":1,"self":6.5462051999999993,"total":10.5743694,"children":{"InitializeActuators":{"count":128,"self":0.0015501999999999998,"total":0.0015501999999999998,"children":null},"InitializeSensors":{"count":128,"self":0.0071238,"total":0.0071238,"children":null},"AgentSendState":{"count":205,"self":0.5797618,"total":1.1972227,"children":{"CollectObservations":{"count":5248,"self":0.12582369999999998,"total":0.12582369999999998,"children":null},"WriteActionMask":{"count":5248,"self":0.0031268999999999997,"total":0.0031268999999999997,"children":null},"RequestDecision":{"count":5248,"self":0.0098037,"total":0.48851029999999995,"children":{"AgentInfo.ToProto":{"count":5248,"self":0.016286099999999998,"total":0.4787066,"children":{"GenerateSensorData":{"count":5248,"self":0.40694199999999997,"total":0.46242049999999996,"children":{"RayPerceptionSensor.Perceive":{"count":20992,"self":0.0554785,"total":0.0554785,"children":null}}}}}}}}},"DecideAction":{"count":205,"self":2.7424391999999997,"total":2.7424391,"children":null},"AgentAct":{"count":205,"self":0.07733269999999999,"total":0.07733269999999999,"children":null}},"gauges":{},"metadata":{"timer_format_version":"0.1.0","start_time_seconds":"1710734133","unity_version":"2023.2.14f1","command_line_arguments":"C:\\Users\\3nigma\\Unity\\NekoCatGame\\RagdollTrainer\\Builds\\server_windows_x64\\RagdollTrainer.exe -nographics -batchmode --mlagents-port 5005 -logFile C:\\Users\\3nigma\\Unity\\NekoCatGame\\RagdollTrainer\\results\\KyleBeta4.b0a-020M\\run_logs\\Player-0.log","communication_protocol_version":"1.5.0","com.unity.ml-agents_version":"3.0.0-exp.1","scene_name":"_BaseWalkerScene","end_time_seconds":"1710734144"}}