{"count":1,"self":11.9032536,"total":40.082626399999995,"children":{"InitializeActuators":{"count":128,"self":0.0035112999999999998,"total":0.0035112999999999998,"children":null},"InitializeSensors":{"count":128,"self":0.0045953999999999995,"total":0.0045953999999999995,"children":null},"AgentSendState":{"count":1091,"self":5.5294827999999994,"total":8.7456671,"children":{"CollectObservations":{"count":28032,"self":0.98211509999999991,"total":0.98211509999999991,"children":null},"WriteActionMask":{"count":28032,"self":0.038894899999999996,"total":0.038894899999999996,"children":null},"RequestDecision":{"count":28032,"self":0.07514549999999999,"total":2.1951744,"children":{"AgentInfo.ToProto":{"count":28032,"self":0.12073379999999999,"total":2.1200289,"children":{"GenerateSensorData":{"count":28032,"self":1.501051,"total":1.9992950999999999,"children":{"RayPerceptionSensor.Perceive":{"count":112128,"self":0.49824409999999997,"total":0.49824409999999997,"children":null}}}}}}}}},"DecideAction":{"count":1091,"self":18.862028799999997,"total":18.8620295,"children":null},"AgentAct":{"count":1091,"self":0.5610491,"total":0.5610491,"children":null}},"gauges":{},"metadata":{"timer_format_version":"0.1.0","start_time_seconds":"1710544062","unity_version":"2023.2.7f1","command_line_arguments":"C:\\Users\\3nigma\\Unity\\NekoCatGame\\RagdollTrainer\\Builds\/server_windows_x64\/RagdollTrainer.exe --mlagents-port 5007 -logFile C:\\Users\\3nigma\\Unity\\NekoCatGame\\RagdollTrainer\\results\\WalkerBeta2.b0a-020m\\run_logs\\Player-2.log","communication_protocol_version":"1.5.0","com.unity.ml-agents_version":"3.0.0-exp.1","scene_name":"_BaseWalkerScene","end_time_seconds":"1710544102"}}