{"count":1,"self":90.415455999999992,"total":8586.9659693,"children":{"InitializeActuators":{"count":16,"self":0.0010096999999999999,"total":0.0010096999999999999,"children":null},"InitializeSensors":{"count":16,"self":0.0015321999999999998,"total":0.0015321999999999998,"children":null},"AgentSendState":{"count":52861,"self":17.843556799999998,"total":33.08425,"children":{"CollectObservations":{"count":169168,"self":3.2292248,"total":3.2292248,"children":null},"WriteActionMask":{"count":169168,"self":0.12252669999999999,"total":0.12252669999999999,"children":null},"RequestDecision":{"count":169168,"self":0.3379985,"total":11.8889412,"children":{"AgentInfo.ToProto":{"count":169168,"self":0.4627154,"total":11.5509427,"children":{"GenerateSensorData":{"count":169168,"self":8.9491856,"total":11.0882273,"children":{"RayPerceptionSensor.Perceive":{"count":676672,"self":2.1390416,"total":2.1390417,"children":null}}}}}}}}},"DecideAction":{"count":52861,"self":8459.4507776,"total":8459.4504965,"children":null},"AgentAct":{"count":52861,"self":3.8480168,"total":4.0082046,"children":{"AgentInfo.ToProto":{"count":2561,"self":0.015249599999999999,"total":0.160188,"children":{"GenerateSensorData":{"count":2561,"self":0.11186209999999999,"total":0.1449384,"children":{"RayPerceptionSensor.Perceive":{"count":10244,"self":0.033076299999999996,"total":0.033076299999999996,"children":null}}}}}}}},"gauges":{"Walker.CumulativeReward":{"count":2561,"max":-1000.00305,"min":-1041.329,"runningAverage":-1010.84015,"value":-1010.80347,"weightedAverage":-1008.76489}},"metadata":{"timer_format_version":"0.1.0","start_time_seconds":"1710405250","unity_version":"2023.2.7f1","command_line_arguments":"C:\\Users\\3nigma\\Unity\\NekoCatGame\\RagdollTrainer\\Builds\/server_windows_x64\/RagdollTrainer.exe -nographics -batchmode --mlagents-port 5006 -logFile C:\\Users\\3nigma\\Unity\\NekoCatGame\\RagdollTrainer\\results\\WalkerBeta1.b0a-020m\\run_logs\\Player-1.log","communication_protocol_version":"1.5.0","com.unity.ml-agents_version":"3.0.0-exp.1","scene_name":"_BaseWalkerScene","end_time_seconds":"1710413836"}}