{"count":1,"self":162.64783359999998,"total":1693.6461499,"children":{"InitializeActuators":{"count":128,"self":0.0005043,"total":0.0005043,"children":null},"InitializeSensors":{"count":128,"self":0.0096983,"total":0.0096983,"children":null},"AgentSendState":{"count":15606,"self":67.7629312,"total":129.6684898,"children":{"CollectObservations":{"count":399616,"self":11.4136264,"total":11.4136267,"children":null},"WriteActionMask":{"count":399616,"self":0.3863183,"total":0.3863183,"children":null},"RequestDecision":{"count":399616,"self":0.91640769999999994,"total":50.105610399999996,"children":{"AgentInfo.ToProto":{"count":399616,"self":1.2949293,"total":49.189202699999996,"children":{"GenerateSensorData":{"count":399616,"self":42.3732416,"total":47.894273399999996,"children":{"RayPerceptionSensor.Perceive":{"count":1598464,"self":5.521032,"total":5.5210317999999994,"children":null}}}}}}}}},"DecideAction":{"count":15606,"self":1393.9608575999998,"total":1393.9608203,"children":null},"AgentAct":{"count":15606,"self":7.3403424,"total":7.3562978999999995,"children":{"AgentInfo.ToProto":{"count":128,"self":0,"total":0.015955399999999998,"children":{"GenerateSensorData":{"count":128,"self":0.0154381,"total":0.015955399999999998,"children":{"RayPerceptionSensor.Perceive":{"count":512,"self":0.00051729999999999994,"total":0.00051729999999999994,"children":null}}}}}}}},"gauges":{"Kyle.CumulativeReward":{"count":128,"max":4051.58813,"min":-498.06488,"runningAverage":1173.44409,"value":827.3366,"weightedAverage":1005.92694}},"metadata":{"timer_format_version":"0.1.0","start_time_seconds":"1710629932","unity_version":"2023.2.14f1","command_line_arguments":"C:\\Users\\3nigma\\Unity\\NekoCatGame\\RagdollTrainer\\Builds\\server_windows_x64\\RagdollTrainer.exe -nographics -batchmode --mlagents-port 5005 -logFile C:\\Users\\3nigma\\Unity\\NekoCatGame\\RagdollTrainer\\results\\KyleBeta3.b0a-020m\\run_logs\\Player-0.log","communication_protocol_version":"1.5.0","com.unity.ml-agents_version":"3.0.0-exp.1","scene_name":"_BaseWalkerScene","end_time_seconds":"1710631625"}}