{"count":1,"self":1049.5687679999999,"total":15241.047640899998,"children":{"InitializeActuators":{"count":100,"self":0.0030282,"total":0.0030282,"children":null},"InitializeSensors":{"count":100,"self":0.0055544999999999995,"total":0.0055544999999999995,"children":null},"AgentSendState":{"count":204226,"self":92.6107072,"total":263.9216723,"children":{"CollectObservations":{"count":4084600,"self":76.8724928,"total":76.8724927,"children":null},"WriteActionMask":{"count":4084600,"self":2.4344268,"total":2.4344267,"children":null},"RequestDecision":{"count":4084600,"self":5.7001004,"total":92.0040429,"children":{"AgentInfo.ToProto":{"count":4084600,"self":9.7547888,"total":86.3039426,"children":{"GenerateSensorData":{"count":4084600,"self":71.2181248,"total":76.5491541,"children":{"RayPerceptionSensor.Perceive":{"count":4084600,"self":5.3310319999999995,"total":5.3310322,"children":null}}}}}}}}},"DecideAction":{"count":204226,"self":13862.6678784,"total":13862.668527599999,"children":null},"AgentAct":{"count":204226,"self":64.8264128,"total":64.8765955,"children":{"AgentInfo.ToProto":{"count":2007,"self":0.0050788,"total":0.0501835,"children":{"GenerateSensorData":{"count":2007,"self":0.041555499999999995,"total":0.0451047,"children":{"RayPerceptionSensor.Perceive":{"count":2007,"self":0.0035491999999999998,"total":0.0035491999999999998,"children":null}}}}}}}},"gauges":{"Walker.CumulativeReward":{"count":2007,"max":6341.925,"min":-1018.78027,"runningAverage":2615.18945,"value":2749.79346,"weightedAverage":3238.02515}},"metadata":{"timer_format_version":"0.1.0","start_time_seconds":"1707133076","unity_version":"2023.2.7f1","command_line_arguments":"C:\\Users\\3nigma\\Unity\\NekoCatGame\\RagdollTrainer\\Builds\/server_windows_x64\/RagdollTrainer.exe --mlagents-port 5006 -logFile C:\\Users\\3nigma\\Unity\\NekoCatGame\\RagdollTrainer\\results\\WalkerAlpha2.a0a-350m\\run_logs\\Player-1.log","communication_protocol_version":"1.5.0","com.unity.ml-agents_version":"3.0.0-exp.1","scene_name":"_BaseWalkerScene","end_time_seconds":"1707148316"}}