{"count":1,"self":154.58123519999998,"total":2241.5192027999997,"children":{"InitializeActuators":{"count":16,"self":0.0015147,"total":0.0015147,"children":null},"InitializeSensors":{"count":16,"self":0.0035337999999999997,"total":0.0035337999999999997,"children":null},"AgentSendState":{"count":48377,"self":45.098672,"total":71.157416099999992,"children":{"CollectObservations":{"count":154816,"self":6.4537816,"total":6.4537814,"children":null},"WriteActionMask":{"count":154816,"self":0.2961813,"total":0.2961813,"children":null},"RequestDecision":{"count":154816,"self":0.65832099999999993,"total":19.3087827,"children":{"AgentInfo.ToProto":{"count":154816,"self":1.0074216,"total":18.650461699999997,"children":{"GenerateSensorData":{"count":154816,"self":14.310903999999999,"total":17.6430401,"children":{"RayPerceptionSensor.Perceive":{"count":619264,"self":3.3321365999999997,"total":3.3321365999999997,"children":null}}}}}}}}},"DecideAction":{"count":48377,"self":2009.6944128,"total":2009.6944465,"children":null},"AgentAct":{"count":48377,"self":5.8320751999999993,"total":6.0760571,"children":{"AgentInfo.ToProto":{"count":2140,"self":0.015124199999999999,"total":0.24398199999999998,"children":{"GenerateSensorData":{"count":2140,"self":0.17736639999999998,"total":0.2288578,"children":{"RayPerceptionSensor.Perceive":{"count":8560,"self":0.0514914,"total":0.0514914,"children":null}}}}}}}},"gauges":{"Walker.CumulativeReward":{"count":2140,"max":-1000.00366,"min":-1037.25293,"runningAverage":-1009.86725,"value":-1017.18811,"weightedAverage":-1013.32886}},"metadata":{"timer_format_version":"0.1.0","start_time_seconds":"1710413884","unity_version":"2023.2.7f1","command_line_arguments":"C:\\Users\\3nigma\\Unity\\NekoCatGame\\RagdollTrainer\\Builds\/server_windows_x64\/RagdollTrainer.exe -nographics -batchmode --mlagents-port 5005 -logFile C:\\Users\\3nigma\\Unity\\NekoCatGame\\RagdollTrainer\\results\\WalkerBeta1.b0a-020m\\run_logs\\Player-0.log","communication_protocol_version":"1.5.0","com.unity.ml-agents_version":"3.0.0-exp.1","scene_name":"_BaseWalkerScene","end_time_seconds":"1710416125"}}