{
    "name": "root",
    "gauges": {
        "Worm.Policy.Entropy.mean": {
            "value": 0.836625874042511,
            "min": 0.836625874042511,
            "max": 1.4193265438079834,
            "count": 141
        },
        "Worm.Policy.Entropy.sum": {
            "value": 41831.29296875,
            "min": 41831.29296875,
            "max": 70966.328125,
            "count": 141
        },
        "Worm.Environment.EpisodeLength.mean": {
            "value": 999.0,
            "min": 999.0,
            "max": 999.0,
            "count": 141
        },
        "Worm.Environment.EpisodeLength.sum": {
            "value": 49950.0,
            "min": 49950.0,
            "max": 49950.0,
            "count": 141
        },
        "Worm.Step.mean": {
            "value": 7049000.0,
            "min": 29000.0,
            "max": 7049000.0,
            "count": 235
        },
        "Worm.Step.sum": {
            "value": 7049000.0,
            "min": 29000.0,
            "max": 7049000.0,
            "count": 235
        },
        "Worm.Policy.ExtrinsicValueEstimate.mean": {
            "value": 202.33895874023438,
            "min": 0.019242826849222183,
            "max": 202.33895874023438,
            "count": 235
        },
        "Worm.Policy.ExtrinsicValueEstimate.sum": {
            "value": 6070.1689453125,
            "min": 0.5772848129272461,
            "max": 6070.1689453125,
            "count": 235
        },
        "Worm.Environment.CumulativeReward.mean": {
            "value": 1046.1456787109375,
            "min": 0.3552898604037433,
            "max": 1046.1456787109375,
            "count": 235
        },
        "Worm.Environment.CumulativeReward.sum": {
            "value": 31384.370361328125,
            "min": 10.303405951708555,
            "max": 31384.370361328125,
            "count": 235
        },
        "Worm.Policy.ExtrinsicReward.mean": {
            "value": 1046.1456787109375,
            "min": 0.3552898604037433,
            "max": 1046.1456787109375,
            "count": 235
        },
        "Worm.Policy.ExtrinsicReward.sum": {
            "value": 31384.370361328125,
            "min": 10.303405951708555,
            "max": 31384.370361328125,
            "count": 235
        },
        "Worm.IsTraining.mean": {
            "value": 0.0,
            "min": 0.0,
            "max": 1.0,
            "count": 235
        },
        "Worm.IsTraining.sum": {
            "value": 0.0,
            "min": 0.0,
            "max": 1.0,
            "count": 235
        },
        "Worm.Losses.PolicyLoss.mean": {
            "value": 0.019357319339986943,
            "min": 0.014679987963366633,
            "max": 0.021840726904984977,
            "count": 140
        },
        "Worm.Losses.PolicyLoss.sum": {
            "value": 0.019357319339986943,
            "min": 0.014679987963366633,
            "max": 0.021840726904984977,
            "count": 140
        },
        "Worm.Losses.ValueLoss.mean": {
            "value": 13.569293393029106,
            "min": 0.0012200996425235644,
            "max": 15.097074309984842,
            "count": 140
        },
        "Worm.Losses.ValueLoss.sum": {
            "value": 13.569293393029106,
            "min": 0.0012200996425235644,
            "max": 15.097074309984842,
            "count": 140
        },
        "Worm.Policy.LearningRate.mean": {
            "value": 9.999999999999999e-11,
            "min": 9.999999999999999e-11,
            "max": 0.00029785714357142857,
            "count": 140
        },
        "Worm.Policy.LearningRate.sum": {
            "value": 9.999999999999999e-11,
            "min": 9.999999999999999e-11,
            "max": 0.00029785714357142857,
            "count": 140
        },
        "Worm.Policy.Epsilon.mean": {
            "value": 0.09999999999999999,
            "min": 0.09999999999999999,
            "max": 0.1992857142857143,
            "count": 140
        },
        "Worm.Policy.Epsilon.sum": {
            "value": 0.09999999999999999,
            "min": 0.09999999999999999,
            "max": 0.1992857142857143,
            "count": 140
        },
        "Worm.Policy.Beta.mean": {
            "value": 1e-05,
            "min": 1e-05,
            "max": 0.004964357142857143,
            "count": 140
        },
        "Worm.Policy.Beta.sum": {
            "value": 1e-05,
            "min": 1e-05,
            "max": 0.004964357142857143,
            "count": 140
        }
    },
    "metadata": {
        "timer_format_version": "0.1.0",
        "start_time_seconds": "1705146719",
        "python_version": "3.10.12 | packaged by conda-forge | (main, Jun 23 2023, 22:34:57) [MSC v.1936 64 bit (AMD64)]",
        "command_line_arguments": "C:\\Users\\3nigma\\Unity\\NekoCatGame\\miniconda\\envs\\NekoCatGame\\Scripts\\mlagents-learn ml-agents/config/ppo/Worm.yaml --run-id=WormAlpha.a0a --time-scale 1 --quality-level 5 --env=ml-agents/Project/Build/UnityEnvironment.exe --force",
        "mlagents_version": "1.1.0.dev0",
        "mlagents_envs_version": "1.1.0.dev0",
        "communication_protocol_version": "1.5.0",
        "pytorch_version": "2.1.2+cpu",
        "numpy_version": "1.23.5",
        "end_time_seconds": "1705153058"
    },
    "total": 6339.565787200001,
    "count": 1,
    "self": 0.8317277000023751,
    "children": {
        "run_training.setup": {
            "total": 0.07876440000109142,
            "count": 1,
            "self": 0.07876440000109142
        },
        "TrainerController.start_learning": {
            "total": 6338.655295099998,
            "count": 1,
            "self": 3.5494077992116218,
            "children": {
                "TrainerController._reset_env": {
                    "total": 10.56025370000134,
                    "count": 1,
                    "self": 10.56025370000134
                },
                "TrainerController.advance": {
                    "total": 6324.465006200786,
                    "count": 141000,
                    "self": 3.8011118017238914,
                    "children": {
                        "env_step": {
                            "total": 4085.4284949981156,
                            "count": 141000,
                            "self": 3764.5633235994173,
                            "children": {
                                "SubprocessEnvManager._take_step": {
                                    "total": 318.38060739962384,
                                    "count": 141000,
                                    "self": 15.21210070149391,
                                    "children": {
                                        "TorchPolicy.evaluate": {
                                            "total": 303.16850669812993,
                                            "count": 141000,
                                            "self": 303.16850669812993
                                        }
                                    }
                                },
                                "workers": {
                                    "total": 2.484563999074453,
                                    "count": 141000,
                                    "self": 0.0,
                                    "children": {
                                        "worker_root": {
                                            "total": 6321.367134400294,
                                            "count": 141000,
                                            "is_parallel": true,
                                            "self": 2973.3096034003684,
                                            "children": {
                                                "steps_from_proto": {
                                                    "total": 0.001280200005567167,
                                                    "count": 1,
                                                    "is_parallel": true,