{"count":1,"self":3415.655424,"total":6660.5843105999993,"children":{"InitializeActuators":{"count":100,"self":0.0025372999999999997,"total":0.0025372999999999997,"children":null},"InitializeSensors":{"count":100,"self":0.0040541,"total":0.0040541,"children":null},"AgentSendState":{"count":346969,"self":80.678912,"total":328.8803456,"children":{"CollectObservations":{"count":4337200,"self":117.28304639999999,"total":117.28304609999999,"children":null},"WriteActionMask":{"count":4337200,"self":2.8445964,"total":2.8445963,"children":null},"RequestDecision":{"count":4337200,"self":10.7228128,"total":128.07379219999999,"children":{"AgentInfo.ToProto":{"count":4337200,"self":9.7025128,"total":117.3509795,"children":{"GenerateSensorData":{"count":4337200,"self":100.805792,"total":107.6484667,"children":{"RayPerceptionSensor.Perceive":{"count":4337200,"self":6.8426768,"total":6.8426770999999995,"children":null}}}}}}}}},"DecideAction":{"count":346969,"self":2833.5675392,"total":2833.5676036,"children":null},"AgentAct":{"count":346969,"self":82.3784384,"total":82.471724299999991,"children":{"AgentInfo.ToProto":{"count":3400,"self":0.0080255,"total":0.0932843,"children":{"GenerateSensorData":{"count":3400,"self":0.082668499999999992,"total":0.0852588,"children":{"RayPerceptionSensor.Perceive":{"count":3400,"self":0.0025903,"total":0.0025903,"children":null}}}}}}}},"gauges":{"Walker.CumulativeReward":{"count":3400,"max":5778.223,"min":-8172.40137,"runningAverage":3268.99,"value":3016.06348,"weightedAverage":3719.319}},"metadata":{"timer_format_version":"0.1.0","start_time_seconds":"1705372518","unity_version":"2023.2.5f1","command_line_arguments":"C:\\Users\\3nigma\\Unity\\NekoCatGame\\RagdollTrainer\\Builds\/windows_x64\/RagdollTrainer.exe --mlagents-port 5005 -logFile C:\\Users\\3nigma\\Unity\\NekoCatGame\\RagdollTrainer\\results\\WalkerAlpha2.a0a\\run_logs\\Player-0.log","communication_protocol_version":"1.5.0","com.unity.ml-agents_version":"3.0.0-exp.1","scene_name":"WalkerScene","end_time_seconds":"1705379178"}}