{"count":1,"self":1696.3592191999999,"total":4292.9590983,"children":{"InitializeActuators":{"count":100,"self":0.0032105999999999997,"total":0.0032105999999999997,"children":null},"InitializeSensors":{"count":100,"self":0.0029893,"total":0.0029893,"children":null},"AgentSendState":{"count":178001,"self":39.7630432,"total":168.0313062,"children":{"CollectObservations":{"count":2225100,"self":60.207007999999995,"total":60.207008699999996,"children":null},"WriteActionMask":{"count":2225100,"self":1.5609290999999998,"total":1.5609290999999998,"children":null},"RequestDecision":{"count":2225100,"self":5.6031423999999994,"total":66.5003246,"children":{"AgentInfo.ToProto":{"count":2225100,"self":4.913498,"total":60.8971823,"children":{"GenerateSensorData":{"count":2225100,"self":52.385504,"total":55.983684399999994,"children":{"RayPerceptionSensor.Perceive":{"count":2225100,"self":3.5981799999999997,"total":3.5981802,"children":null}}}}}}}}},"DecideAction":{"count":178001,"self":2386.5370623999997,"total":2386.537058,"children":null},"AgentAct":{"count":178001,"self":41.966428799999996,"total":42.0223191,"children":{"AgentInfo.ToProto":{"count":1700,"self":0.0045163999999999994,"total":0.0558906,"children":{"GenerateSensorData":{"count":1700,"self":0.051374199999999995,"total":0.051374199999999995,"children":{"RayPerceptionSensor.Perceive":{"count":1700,"self":0,"total":0,"children":null}}}}}}}},"gauges":{"Walker.CumulativeReward":{"count":1700,"max":8892.246,"min":986.5806,"runningAverage":5516.732,"value":7790.511,"weightedAverage":6104.058}},"metadata":{"timer_format_version":"0.1.0","start_time_seconds":"1705439707","unity_version":"2023.2.5f1","command_line_arguments":"C:\\Users\\3nigma\\Unity\\NekoCatGame\\RagdollTrainer\\Builds\/windows_x64\/RagdollTrainer.exe --mlagents-port 5006 -logFile C:\\Users\\3nigma\\Unity\\NekoCatGame\\RagdollTrainer\\results\\WalkerAlpha2.a0a\\run_logs\\Player-1.log","communication_protocol_version":"1.5.0","com.unity.ml-agents_version":"3.0.0-exp.1","scene_name":"WalkerScene","end_time_seconds":"1705444000"}}